entry_time,exit_time,type,setup,entry,exit,profit,balance,comment
2025-01-03 17:00:00,2025-01-03 17:30:00,BUY,SetUp 1 (61.8%),1.02807,1.02747,-10.0,990.0,SL
2025-01-03 17:00:00,2025-01-03 18:30:00,BUY,SetUp 2 (78.60000000000001%),1.02755,1.02995,39.6,1029.6,TP
2025-01-06 13:00:00,2025-01-06 13:30:00,BUY,SetUp 1 (61.8%),1.03324,1.03564,41.184,1070.7839999999999,TP
2025-01-07 13:00:00,2025-01-07 13:30:00,BUY,SetUp 1 (61.8%),1.04116,1.0405600000000002,-10.70784,1060.0761599999998,SL
2025-01-07 13:30:00,2025-01-07 14:30:00,BUY,SetUp 2 (78.60000000000001%),1.04054,1.03994,-10.600761599999998,1049.4753984,SL
2025-01-09 14:30:00,2025-01-10 00:00:00,BUY,SetUp 1 (61.8%),1.02966,1.02989,4.022989027199168,1053.498387427199,00:00 Close
2025-01-10 15:30:00,2025-01-10 16:00:00,BUY,SetUp 1 (61.8%),1.0293,1.0287000000000002,-10.53498387427199,1042.963403552927,SL
2025-01-10 15:30:00,2025-01-10 16:00:00,BUY,SetUp 2 (78.60000000000001%),1.02878,1.02818,-10.42963403552927,1032.5337695173978,SL
2025-01-13 15:00:00,2025-01-13 15:30:00,SELL,SetUp 1 (61.8%),1.02107,1.0216699999999999,-10.325337695173978,1022.2084318222238,SL
2025-01-13 15:30:00,2025-01-13 17:30:00,SELL,SetUp 2 (78.60000000000001%),1.02198,1.0195800000000002,40.888337272888954,1063.0967690951127,TP
2025-01-14 13:00:00,2025-01-14 13:30:00,BUY,SetUp 1 (61.8%),1.02595,1.02535,-10.630967690951127,1052.4658014041615,SL
2025-01-14 13:30:00,2025-01-14 14:00:00,BUY,SetUp 2 (78.60000000000001%),1.02552,1.02492,-10.524658014041616,1041.94114339012,SL
2025-01-15 14:30:00,2025-01-15 15:30:00,BUY,SetUp 1 (61.8%),1.02984,1.03224,41.677645735604806,1083.6187891257248,TP
2025-01-15 18:00:00,2025-01-15 18:30:00,BUY,SetUp 2 (78.60000000000001%),1.02933,1.0287300000000001,-10.836187891257248,1072.7826012344676,SL
2025-01-16 17:00:00,2025-01-16 17:30:00,SELL,SetUp 1 (61.8%),1.02939,1.02999,-10.727826012344677,1062.054775222123,SL
2025-01-16 17:00:00,2025-01-16 17:30:00,SELL,SetUp 2 (78.60000000000001%),1.02973,1.03033,-10.62054775222123,1051.4342274699018,SL
2025-01-17 15:00:00,2025-01-17 16:00:00,BUY,SetUp 1 (61.8%),1.02884,1.02824,-10.514342274699018,1040.9198851952028,SL
2025-01-17 16:00:00,2025-01-17 16:30:00,BUY,SetUp 2 (78.60000000000001%),1.02836,1.02776,-10.409198851952029,1030.5106863432509,SL
2025-01-20 15:30:00,2025-01-20 16:00:00,BUY,SetUp 1 (61.8%),1.03116,1.03356,41.22042745373004,1071.731113796981,TP
2025-01-20 15:30:00,2025-01-20 16:00:00,BUY,SetUp 2 (78.60000000000001%),1.03087,1.03327,42.86924455187924,1114.6003583488603,TP
2025-01-21 15:30:00,2025-01-21 16:00:00,SELL,SetUp 1 (61.8%),1.03693,1.0375299999999998,-11.146003583488604,1103.4543547653716,SL
2025-01-21 15:30:00,2025-01-21 16:00:00,SELL,SetUp 2 (78.60000000000001%),1.03767,1.03827,-11.034543547653715,1092.4198112177178,SL
2025-01-22 15:30:00,2025-01-22 16:00:00,BUY,SetUp 1 (61.8%),1.04241,1.0418100000000001,-10.924198112177178,1081.4956131055405,SL
2025-01-22 16:30:00,2025-01-22 23:30:00,BUY,SetUp 2 (78.60000000000001%),1.0415,1.0409000000000002,-10.814956131055405,1070.6806569744851,SL
2025-01-23 13:30:00,2025-01-23 14:00:00,BUY,SetUp 1 (61.8%),1.04016,1.03956,-10.706806569744852,1059.9738504047402,SL
2025-01-23 14:00:00,2025-01-23 17:00:00,BUY,SetUp 2 (78.60000000000001%),1.03966,1.03906,-10.599738504047403,1049.374111900693,SL
2025-01-24 15:00:00,2025-01-24 15:30:00,BUY,SetUp 1 (61.8%),1.04732,1.04672,-10.493741119006929,1038.880370781686,SL
2025-01-28 13:00:00,2025-01-28 13:30:00,BUY,SetUp 1 (61.8%),1.04288,1.04228,-10.38880370781686,1028.4915670738692,SL
2025-01-28 13:00:00,2025-01-28 14:00:00,BUY,SetUp 2 (78.60000000000001%),1.04246,1.04186,-10.284915670738693,1018.2066514031305,SL
2025-01-29 17:30:00,2025-01-29 19:00:00,SELL,SetUp 1 (61.8%),1.04214,1.04274,-10.182066514031305,1008.0245848890993,SL
2025-01-29 21:30:00,2025-01-30 00:00:00,SELL,SetUp 2 (78.60000000000001%),1.04287,1.04207,13.440327798519846,1021.4649126876192,00:00 Close
2025-01-30 15:00:00,2025-01-30 15:30:00,SELL,SetUp 1 (61.8%),1.04164,1.0422399999999998,-10.214649126876193,1011.250263560743,SL
2025-01-30 15:30:00,2025-01-30 16:00:00,SELL,SetUp 2 (78.60000000000001%),1.0422,1.0428,-10.112502635607429,1001.1377609251355,SL
2025-01-31 15:00:00,2025-01-31 16:00:00,SELL,SetUp 1 (61.8%),1.03947,1.03707,40.04551043700542,1041.1832713621409,TP
2025-01-31 18:30:00,2025-01-31 19:00:00,SELL,SetUp 2 (78.60000000000001%),1.04027,1.04087,-10.41183271362141,1030.7714386485195,SL
2025-02-05 23:30:00,2025-02-06 00:00:00,BUY,SetUp 1 (61.8%),1.04006,1.0402,2.4051333568470437,1033.1765720053666,00:00 Close
2025-02-06 19:00:00,2025-02-06 20:00:00,SELL,SetUp 1 (61.8%),1.03779,1.03839,-10.331765720053665,1022.8448062853129,SL
2025-02-06 20:00:00,2025-02-06 20:30:00,SELL,SetUp 2 (78.60000000000001%),1.03839,1.0389899999999999,-10.22844806285313,1012.6163582224598,SL
2025-02-07 13:00:00,2025-02-07 14:00:00,BUY,SetUp 1 (61.8%),1.03841,1.0378100000000001,-10.126163582224597,1002.4901946402351,SL
2025-02-07 13:00:00,2025-02-07 14:00:00,BUY,SetUp 2 (78.60000000000001%),1.03798,1.03738,-10.024901946402352,992.4652926938328,SL
2025-02-10 14:00:00,2025-02-10 16:00:00,BUY,SetUp 1 (61.8%),1.03174,1.0311400000000002,-9.924652926938329,982.5406397668945,SL
2025-02-10 14:00:00,2025-02-10 16:00:00,BUY,SetUp 2 (78.60000000000001%),1.03127,1.03067,-9.825406397668946,972.7152333692255,SL
2025-02-12 15:00:00,2025-02-12 15:30:00,BUY,SetUp 1 (61.8%),1.03669,1.03609,-9.727152333692256,962.9880810355332,SL
2025-02-12 15:00:00,2025-02-12 15:30:00,BUY,SetUp 2 (78.60000000000001%),1.03634,1.03574,-9.629880810355333,953.3582002251779,SL
2025-02-13 13:00:00,2025-02-13 13:30:00,SELL,SetUp 1 (61.8%),1.04265,1.0402500000000001,38.13432800900712,991.4925282341851,TP
2025-02-13 17:00:00,2025-02-13 18:00:00,SELL,SetUp 2 (78.60000000000001%),1.0431,1.0436999999999999,-9.914925282341851,981.5776029518432,SL
2025-02-14 13:00:00,2025-02-14 14:00:00,BUY,SetUp 1 (61.8%),1.04697,1.04637,-9.815776029518432,971.7618269223248,SL
2025-02-14 13:00:00,2025-02-14 14:00:00,BUY,SetUp 2 (78.60000000000001%),1.04648,1.0458800000000001,-9.717618269223248,962.0442086531015,SL
2025-02-17 13:00:00,2025-02-18 00:00:00,SELL,SetUp 1 (61.8%),1.04861,1.04836,4.008517536055928,966.0527261891574,00:00 Close
2025-02-18 14:00:00,2025-02-18 14:30:00,BUY,SetUp 1 (61.8%),1.04603,1.04543,-9.660527261891573,956.3921989272658,SL
2025-02-18 14:00:00,2025-02-18 15:00:00,BUY,SetUp 2 (78.60000000000001%),1.04579,1.04519,-9.563921989272657,946.8282769379931,SL
2025-02-20 13:30:00,2025-02-20 16:30:00,BUY,SetUp 1 (61.8%),1.04314,1.04554,37.87313107751972,984.7014080155128,TP
2025-02-21 16:30:00,2025-02-21 17:00:00,SELL,SetUp 1 (61.8%),1.04864,1.04624,39.388056320620514,1024.0894643361332,TP
2025-02-21 16:30:00,2025-02-21 17:00:00,SELL,SetUp 2 (78.60000000000001%),1.04922,1.04682,40.96357857344533,1065.0530429095786,TP
2025-02-26 17:30:00,2025-02-26 18:00:00,SELL,SetUp 1 (61.8%),1.05039,1.0509899999999999,-10.650530429095786,1054.4025124804828,SL
2025-02-26 17:30:00,2025-02-26 18:00:00,SELL,SetUp 2 (78.60000000000001%),1.05073,1.0513299999999999,-10.544025124804827,1043.8584873556779,SL
2025-02-27 14:00:00,2025-02-27 15:30:00,BUY,SetUp 1 (61.8%),1.04749,1.04689,-10.43858487355678,1033.4199024821212,SL
2025-02-27 15:30:00,2025-02-27 16:00:00,BUY,SetUp 2 (78.60000000000001%),1.04722,1.04662,-10.334199024821212,1023.0857034572999,SL
2025-02-28 13:00:00,2025-02-28 17:00:00,BUY,SetUp 1 (61.8%),1.03942,1.04182,40.923428138291996,1064.009131595592,TP
2025-02-28 19:00:00,2025-02-28 20:00:00,BUY,SetUp 2 (78.60000000000001%),1.03905,1.03845,-10.64009131595592,1053.369040279636,SL
2025-03-04 17:00:00,2025-03-04 17:30:00,BUY,SetUp 1 (61.8%),1.04988,1.0522799999999999,42.13476161118544,1095.5038018908215,TP
2025-03-06 14:00:00,2025-03-06 15:00:00,SELL,SetUp 1 (61.8%),1.08063,1.08123,-10.955038018908215,1084.5487638719133,SL
2025-03-06 15:00:00,2025-03-06 15:30:00,SELL,SetUp 2 (78.60000000000001%),1.08133,1.0819299999999998,-10.845487638719133,1073.7032762331942,SL
2025-03-07 17:30:00,2025-03-07 18:00:00,BUY,SetUp 1 (61.8%),1.08396,1.08636,42.94813104932777,1116.6514072825219,TP
2025-03-07 20:00:00,2025-03-10 00:00:00,BUY,SetUp 2 (78.60000000000001%),1.0831,1.08325,2.791628518208064,1119.4430358007298,00:00 Close
2025-03-10 14:00:00,2025-03-10 14:30:00,BUY,SetUp 1 (61.8%),1.08248,1.08488,44.777721432029196,1164.220757232759,TP
2025-03-10 14:00:00,2025-03-10 14:30:00,BUY,SetUp 2 (78.60000000000001%),1.08161,1.08401,46.56883028931036,1210.7895875220695,TP
2025-03-12 14:30:00,2025-03-12 15:00:00,BUY,SetUp 1 (61.8%),1.09023,1.08963,-12.107895875220695,1198.6816916468488,SL
2025-03-12 15:00:00,2025-03-12 15:30:00,BUY,SetUp 2 (78.60000000000001%),1.08958,1.08898,-11.986816916468488,1186.6948747303802,SL
2025-03-13 13:00:00,2025-03-13 14:30:00,SELL,SetUp 1 (61.8%),1.08755,1.08515,47.46779498921521,1234.1626697195954,TP
2025-03-13 13:00:00,2025-03-13 14:30:00,SELL,SetUp 2 (78.60000000000001%),1.088,1.0856000000000001,49.366506788783816,1283.5291765083794,TP
2025-03-18 14:30:00,2025-03-18 15:00:00,BUY,SetUp 1 (61.8%),1.09231,1.09171,-12.835291765083793,1270.6938847432955,SL
2025-03-18 14:30:00,2025-03-18 15:30:00,BUY,SetUp 2 (78.60000000000001%),1.09145,1.09085,-12.706938847432955,1257.9869458958626,SL
2025-03-19 14:30:00,2025-03-19 15:00:00,SELL,SetUp 1 (61.8%),1.09098,1.09158,-12.579869458958626,1245.407076436904,SL
2025-03-21 13:00:00,2025-03-21 14:00:00,SELL,SetUp 1 (61.8%),1.08374,1.0843399999999999,-12.454070764369039,1232.9530056725348,SL
2025-03-21 14:00:00,2025-03-21 14:30:00,SELL,SetUp 2 (78.60000000000001%),1.08411,1.0847099999999998,-12.329530056725348,1220.6234756158094,SL
2025-03-24 13:00:00,2025-03-24 14:30:00,BUY,SetUp 1 (61.8%),1.08397,1.0833700000000002,-12.206234756158095,1208.4172408596514,SL
2025-03-24 14:30:00,2025-03-24 15:00:00,BUY,SetUp 2 (78.60000000000001%),1.08346,1.0828600000000002,-12.084172408596515,1196.333068451055,SL
2025-03-25 13:00:00,2025-03-25 13:30:00,SELL,SetUp 1 (61.8%),1.07942,1.08002,-11.96333068451055,1184.3697377665444,SL
2025-03-25 13:00:00,2025-03-25 13:30:00,SELL,SetUp 2 (78.60000000000001%),1.07988,1.0804799999999999,-11.843697377665444,1172.526040388879,SL
2025-03-26 13:30:00,2025-03-26 15:00:00,BUY,SetUp 1 (61.8%),1.07895,1.0783500000000001,-11.72526040388879,1160.8007799849902,SL
2025-03-26 15:00:00,2025-03-26 16:00:00,BUY,SetUp 2 (78.60000000000001%),1.07858,1.0779800000000002,-11.608007799849902,1149.1927721851403,SL
2025-03-27 13:00:00,2025-03-27 13:30:00,SELL,SetUp 1 (61.8%),1.07717,1.07777,-11.491927721851402,1137.7008444632888,SL
2025-03-27 13:30:00,2025-03-27 14:00:00,SELL,SetUp 2 (78.60000000000001%),1.07765,1.07825,-11.377008444632889,1126.323836018656,SL
2025-03-28 15:30:00,2025-03-28 16:00:00,SELL,SetUp 1 (61.8%),1.07881,1.07941,-11.26323836018656,1115.0605976584695,SL
2025-03-28 16:00:00,2025-03-28 16:30:00,SELL,SetUp 2 (78.60000000000001%),1.07933,1.0799299999999998,-11.150605976584696,1103.9099916818848,SL
2025-04-01 13:00:00,2025-04-01 13:30:00,BUY,SetUp 1 (61.8%),1.08106,1.08046,-11.039099916818849,1092.8708917650658,SL
2025-04-01 13:00:00,2025-04-01 13:30:00,BUY,SetUp 2 (78.60000000000001%),1.08056,1.07996,-10.928708917650658,1081.942182847415,SL
2025-04-02 13:00:00,2025-04-02 15:30:00,BUY,SetUp 1 (61.8%),1.07909,1.08149,43.27768731389661,1125.2198701613117,TP
2025-04-02 13:30:00,2025-04-02 15:30:00,BUY,SetUp 2 (78.60000000000001%),1.07862,1.0810199999999999,45.00879480645247,1170.2286649677642,TP
2025-04-04 13:00:00,2025-04-04 13:30:00,SELL,SetUp 1 (61.8%),1.10422,1.10482,-11.702286649677642,1158.5263783180865,SL
2025-04-04 14:00:00,2025-04-04 14:30:00,SELL,SetUp 2 (78.60000000000001%),1.10614,1.1067399999999998,-11.585263783180865,1146.9411145349056,SL
2025-04-08 15:30:00,2025-04-08 16:30:00,SELL,SetUp 1 (61.8%),1.0961,1.0937000000000001,45.877644581396225,1192.8187591163019,TP
2025-04-08 22:00:00,2025-04-08 23:00:00,SELL,SetUp 2 (78.60000000000001%),1.09745,1.09505,47.712750364652074,1240.531509480954,TP
2025-04-09 13:00:00,2025-04-09 13:30:00,SELL,SetUp 1 (61.8%),1.10546,1.1030600000000002,49.62126037923816,1290.1527698601922,TP
2025-04-09 15:00:00,2025-04-09 15:30:00,SELL,SetUp 2 (78.60000000000001%),1.107,1.1076,-12.901527698601923,1277.2512421615902,SL
2025-04-11 13:30:00,2025-04-11 14:00:00,BUY,SetUp 1 (61.8%),1.13335,1.1327500000000001,-12.772512421615902,1264.4787297399744,SL
2025-04-11 19:00:00,2025-04-11 19:30:00,BUY,SetUp 2 (78.60000000000001%),1.12954,1.12894,-12.644787297399745,1251.8339424425747,SL
2025-04-14 13:00:00,2025-04-14 13:30:00,BUY,SetUp 1 (61.8%),1.13949,1.13889,-12.518339424425747,1239.315603018149,SL
2025-04-14 13:00:00,2025-04-14 14:00:00,BUY,SetUp 2 (78.60000000000001%),1.13868,1.13808,-12.39315603018149,1226.9224469879675,SL
2025-04-15 13:00:00,2025-04-15 13:30:00,BUY,SetUp 1 (61.8%),1.13429,1.13369,-12.269224469879676,1214.653222518088,SL
2025-04-15 13:30:00,2025-04-15 14:00:00,BUY,SetUp 2 (78.60000000000001%),1.13332,1.1327200000000002,-12.146532225180879,1202.506690292907,SL
2025-04-16 13:30:00,2025-04-16 15:30:00,SELL,SetUp 1 (61.8%),1.13716,1.13476,48.10026761171628,1250.6069579046234,TP
2025-04-16 17:00:00,2025-04-16 18:00:00,SELL,SetUp 2 (78.60000000000001%),1.13806,1.13866,-12.506069579046235,1238.1008883255772,SL
2025-04-17 13:00:00,2025-04-17 15:00:00,BUY,SetUp 1 (61.8%),1.13607,1.13547,-12.381008883255772,1225.7198794423214,SL
2025-04-17 15:00:00,2025-04-17 15:30:00,BUY,SetUp 2 (78.60000000000001%),1.13531,1.13471,-12.257198794423214,1213.4626806478982,SL
2025-04-18 13:00:00,2025-04-18 14:00:00,SELL,SetUp 1 (61.8%),1.13699,1.1375899999999999,-12.134626806478982,1201.3280538414192,SL
2025-04-18 13:00:00,2025-04-18 14:30:00,SELL,SetUp 2 (78.60000000000001%),1.13728,1.13788,-12.013280538414193,1189.314773303005,SL
2025-04-21 13:30:00,2025-04-21 14:00:00,BUY,SetUp 1 (61.8%),1.1531,1.1525,-11.89314773303005,1177.421625569975,SL
2025-04-21 14:00:00,2025-04-21 14:30:00,BUY,SetUp 2 (78.60000000000001%),1.15195,1.15435,47.096865022799,1224.518490592774,TP
2025-04-23 13:00:00,2025-04-23 13:30:00,BUY,SetUp 1 (61.8%),1.13997,1.13937,-12.24518490592774,1212.2733056868462,SL
2025-04-23 14:00:00,2025-04-23 14:30:00,BUY,SetUp 2 (78.60000000000001%),1.13888,1.1412799999999999,48.49093222747385,1260.7642379143201,TP
2025-04-24 18:00:00,2025-04-24 18:30:00,BUY,SetUp 1 (61.8%),1.13578,1.13518,-12.6076423791432,1248.1565955351768,SL
2025-04-24 18:30:00,2025-04-24 19:00:00,BUY,SetUp 2 (78.60000000000001%),1.13482,1.13722,49.926263821407076,1298.0828593565839,TP
2025-04-25 13:00:00,2025-04-25 14:00:00,BUY,SetUp 1 (61.8%),1.13395,1.13635,51.923314374263356,1350.0061737308472,TP
2025-04-28 13:00:00,2025-04-28 15:00:00,SELL,SetUp 1 (61.8%),1.13573,1.1363299999999998,-13.500061737308473,1336.5061119935388,SL
2025-04-28 15:00:00,2025-04-28 15:30:00,SELL,SetUp 2 (78.60000000000001%),1.13648,1.1370799999999999,-13.365061119935389,1323.1410508736033,SL
2025-04-29 15:30:00,2025-04-29 16:00:00,SELL,SetUp 1 (61.8%),1.14001,1.14061,-13.231410508736033,1309.9096403648673,SL
2025-04-29 15:30:00,2025-04-29 16:00:00,SELL,SetUp 2 (78.60000000000001%),1.14054,1.14114,-13.099096403648673,1296.8105439612186,SL
2025-04-30 15:00:00,2025-04-30 17:00:00,SELL,SetUp 1 (61.8%),1.13846,1.13606,51.872421758448745,1348.6829657196674,TP
2025-05-01 17:00:00,2025-05-01 17:30:00,BUY,SetUp 1 (61.8%),1.13042,1.12982,-13.486829657196674,1335.1961360624707,SL
2025-05-01 17:00:00,2025-05-01 17:30:00,BUY,SetUp 2 (78.60000000000001%),1.12969,1.1290900000000001,-13.351961360624708,1321.844174701846,SL
2025-05-02 14:00:00,2025-05-02 14:30:00,BUY,SetUp 1 (61.8%),1.13248,1.1348799999999999,52.87376698807384,1374.7179416899198,TP
2025-05-02 15:30:00,2025-05-02 16:00:00,BUY,SetUp 2 (78.60000000000001%),1.13165,1.13405,54.988717667596795,1429.7066593575166,TP
2025-05-05 18:30:00,2025-05-05 19:00:00,BUY,SetUp 1 (61.8%),1.1324,1.1318000000000001,-14.297066593575167,1415.4095927639414,SL
2025-05-05 18:30:00,2025-05-05 19:00:00,BUY,SetUp 2 (78.60000000000001%),1.13186,1.1312600000000002,-14.154095927639414,1401.255496836302,SL
2025-05-06 14:30:00,2025-05-06 15:30:00,SELL,SetUp 1 (61.8%),1.13328,1.13388,-14.01255496836302,1387.242941867939,SL
2025-05-06 15:30:00,2025-05-06 16:30:00,SELL,SetUp 2 (78.60000000000001%),1.13402,1.13462,-13.87242941867939,1373.3705124492596,SL
2025-05-07 13:00:00,2025-05-07 14:00:00,SELL,SetUp 1 (61.8%),1.13664,1.13724,-13.733705124492596,1359.636807324767,SL
2025-05-07 14:00:00,2025-05-07 18:00:00,SELL,SetUp 2 (78.60000000000001%),1.13716,1.13476,54.385472292990684,1414.0222796177577,TP
2025-05-08 13:00:00,2025-05-08 13:30:00,SELL,SetUp 1 (61.8%),1.12934,1.12994,-14.140222796177577,1399.8820568215801,SL
2025-05-08 13:30:00,2025-05-08 15:00:00,SELL,SetUp 2 (78.60000000000001%),1.12996,1.13056,-13.998820568215802,1385.8832362533644,SL
2025-05-09 13:00:00,2025-05-09 16:00:00,BUY,SetUp 1 (61.8%),1.12428,1.12668,55.43532945013458,1441.318565703499,TP
2025-05-13 13:00:00,2025-05-13 13:30:00,BUY,SetUp 1 (61.8%),1.11103,1.11043,-14.41318565703499,1426.905380046464,SL
2025-05-13 13:00:00,2025-05-13 13:30:00,BUY,SetUp 2 (78.60000000000001%),1.11065,1.11005,-14.26905380046464,1412.6363262459993,SL
2025-05-14 15:00:00,2025-05-14 17:00:00,BUY,SetUp 1 (61.8%),1.12129,1.12069,-14.126363262459993,1398.5099629835393,SL
2025-05-14 18:30:00,2025-05-14 19:30:00,BUY,SetUp 2 (78.60000000000001%),1.11985,1.11925,-13.985099629835393,1384.524863353704,SL
2025-05-15 13:00:00,2025-05-15 14:00:00,BUY,SetUp 1 (61.8%),1.12043,1.11983,-13.84524863353704,1370.679614720167,SL
2025-05-15 14:00:00,2025-05-15 14:30:00,BUY,SetUp 2 (78.60000000000001%),1.11979,1.1191900000000001,-13.70679614720167,1356.9728185729653,SL
2025-05-20 17:00:00,2025-05-20 20:30:00,SELL,SetUp 1 (61.8%),1.12663,1.12723,-13.569728185729653,1343.4030903872356,SL
2025-05-20 20:30:00,2025-05-20 21:00:00,SELL,SetUp 2 (78.60000000000001%),1.12713,1.12773,-13.434030903872356,1329.9690594833633,SL
2025-05-21 13:00:00,2025-05-21 13:30:00,SELL,SetUp 1 (61.8%),1.13376,1.13436,-13.299690594833633,1316.6693688885296,SL
2025-05-21 13:00:00,2025-05-21 13:30:00,SELL,SetUp 2 (78.60000000000001%),1.13444,1.1350399999999998,-13.166693688885296,1303.5026751996443,SL
2025-05-23 14:30:00,2025-05-23 15:00:00,BUY,SetUp 1 (61.8%),1.13265,1.13205,-13.035026751996442,1290.467648447648,SL
2025-05-23 14:30:00,2025-05-23 15:00:00,BUY,SetUp 2 (78.60000000000001%),1.1319,1.1313,-12.904676484476479,1277.5629719631713,SL
2025-05-27 16:00:00,2025-05-27 17:00:00,SELL,SetUp 1 (61.8%),1.13717,1.13477,51.10251887852685,1328.665490841698,TP
2025-05-28 14:30:00,2025-05-28 15:00:00,BUY,SetUp 1 (61.8%),1.13173,1.13113,-13.286654908416981,1315.3788359332812,SL
2025-05-28 15:00:00,2025-05-28 16:00:00,BUY,SetUp 2 (78.60000000000001%),1.1311,1.1305,-13.153788359332811,1302.2250475739484,SL
2025-05-30 15:00:00,2025-05-30 15:30:00,SELL,SetUp 1 (61.8%),1.13411,1.1347099999999999,-13.022250475739483,1289.202797098209,SL
2025-05-30 15:00:00,2025-05-30 15:30:00,SELL,SetUp 2 (78.60000000000001%),1.13459,1.13519,-12.89202797098209,1276.3107691272269,SL
2025-06-04 13:30:00,2025-06-04 15:00:00,BUY,SetUp 1 (61.8%),1.13753,1.1399299999999999,51.05243076508908,1327.363199892316,TP
2025-06-06 15:30:00,2025-06-06 16:00:00,SELL,SetUp 1 (61.8%),1.14305,1.14065,53.094527995692644,1380.4577278880088,TP
2025-06-09 13:00:00,2025-06-09 13:30:00,BUY,SetUp 1 (61.8%),1.14261,1.14201,-13.804577278880089,1366.6531506091287,SL
2025-06-09 13:00:00,2025-06-09 13:30:00,BUY,SetUp 2 (78.60000000000001%),1.14226,1.1416600000000001,-13.666531506091287,1352.9866191030374,SL
2025-06-13 17:00:00,2025-06-13 18:00:00,SELL,SetUp 1 (61.8%),1.15445,1.15505,-13.529866191030374,1339.456752912007,SL
2025-06-13 18:00:00,2025-06-13 18:30:00,SELL,SetUp 2 (78.60000000000001%),1.15515,1.1557499999999998,-13.39456752912007,1326.062185382887,SL
2025-06-16 22:30:00,2025-06-17 00:00:00,BUY,SetUp 1 (61.8%),1.15577,1.1558,0.6630310926908798,1326.725216475578,00:00 Close
2025-06-17 13:00:00,2025-06-17 13:30:00,SELL,SetUp 1 (61.8%),1.15622,1.15682,-13.26725216475578,1313.4579643108223,SL
2025-06-17 13:30:00,2025-06-17 14:00:00,SELL,SetUp 2 (78.60000000000001%),1.15668,1.1572799999999999,-13.134579643108223,1300.323384667714,SL
2025-06-18 15:00:00,2025-06-18 16:30:00,SELL,SetUp 1 (61.8%),1.15134,1.14894,52.01293538670856,1352.3363200544225,TP
2025-06-18 17:00:00,2025-06-18 18:00:00,SELL,SetUp 2 (78.60000000000001%),1.15178,1.15238,-13.523363200544225,1338.8129568538782,SL
2025-06-19 18:30:00,2025-06-19 20:30:00,BUY,SetUp 1 (61.8%),1.14591,1.14831,53.552518274155126,1392.3654751280333,TP
2025-06-20 13:00:00,2025-06-20 13:30:00,SELL,SetUp 1 (61.8%),1.15223,1.15283,-13.923654751280333,1378.441820376753,SL
2025-06-20 13:00:00,2025-06-20 17:30:00,SELL,SetUp 2 (78.60000000000001%),1.15256,1.15016,55.13767281507012,1433.579493191823,TP
2025-06-23 17:00:00,2025-06-23 17:30:00,SELL,SetUp 1 (61.8%),1.14954,1.15014,-14.335794931918231,1419.243698259905,SL
2025-06-23 17:00:00,2025-06-23 17:30:00,SELL,SetUp 2 (78.60000000000001%),1.15068,1.1512799999999999,-14.19243698259905,1405.051261277306,SL
2025-06-24 13:00:00,2025-06-24 14:30:00,SELL,SetUp 1 (61.8%),1.16063,1.16123,-14.05051261277306,1391.000748664533,SL
2025-06-24 14:30:00,2025-06-24 16:00:00,SELL,SetUp 2 (78.60000000000001%),1.16134,1.15894,55.640029946581315,1446.6407786111142,TP
2025-06-25 14:00:00,2025-06-25 17:30:00,SELL,SetUp 1 (61.8%),1.16102,1.1616199999999999,-14.466407786111143,1432.174370825003,SL
2025-06-25 17:00:00,2025-06-25 17:30:00,SELL,SetUp 2 (78.60000000000001%),1.16157,1.16217,-14.32174370825003,1417.852627116753,SL
2025-06-26 14:00:00,2025-06-26 15:00:00,BUY,SetUp 1 (61.8%),1.16998,1.16938,-14.178526271167529,1403.6741008455854,SL
2025-06-27 20:30:00,2025-06-27 21:00:00,BUY,SetUp 1 (61.8%),1.17001,1.16941,-14.036741008455854,1389.6373598371295,SL
2025-06-27 21:00:00,2025-06-27 23:30:00,BUY,SetUp 2 (78.60000000000001%),1.16928,1.17168,55.58549439348518,1445.2228542306145,TP
2025-06-30 17:00:00,2025-06-30 17:30:00,SELL,SetUp 1 (61.8%),1.17365,1.17425,-14.452228542306145,1430.7706256883084,SL
2025-06-30 17:30:00,2025-06-30 18:00:00,SELL,SetUp 2 (78.60000000000001%),1.17428,1.17488,-14.307706256883085,1416.4629194314252,SL
2025-07-01 17:00:00,2025-07-01 17:30:00,BUY,SetUp 1 (61.8%),1.17912,1.17852,-14.164629194314253,1402.298290237111,SL
2025-07-01 17:30:00,2025-07-01 18:00:00,BUY,SetUp 2 (78.60000000000001%),1.17807,1.17747,-14.02298290237111,1388.2753073347399,SL
2025-07-02 15:00:00,2025-07-02 15:30:00,SELL,SetUp 1 (61.8%),1.17835,1.17595,55.531012293389594,1443.8063196281294,TP
2025-07-02 15:00:00,2025-07-02 15:30:00,SELL,SetUp 2 (78.60000000000001%),1.1788,1.1764000000000001,57.75225278512517,1501.5585724132545,TP
2025-07-04 13:00:00,2025-07-04 17:00:00,SELL,SetUp 1 (61.8%),1.17785,1.17845,-15.015585724132546,1486.542986689122,SL
2025-07-04 14:00:00,2025-07-04 17:00:00,SELL,SetUp 2 (78.60000000000001%),1.17814,1.17874,-14.86542986689122,1471.6775568222308,SL
2025-07-08 13:00:00,2025-07-08 13:30:00,BUY,SetUp 1 (61.8%),1.17446,1.1738600000000001,-14.716775568222308,1456.9607812540085,SL
2025-07-08 13:00:00,2025-07-08 13:30:00,BUY,SetUp 2 (78.60000000000001%),1.1739,1.1733,-14.569607812540085,1442.3911734414683,SL
2025-07-09 16:00:00,2025-07-10 00:00:00,SELL,SetUp 1 (61.8%),1.17186,1.17173,3.12518087578897,1445.5163543172573,00:00 Close
2025-07-09 17:00:00,2025-07-10 00:00:00,SELL,SetUp 2 (78.60000000000001%),1.1723,1.17173,13.73240536601297,1459.2487596832702,00:00 Close
2025-07-11 17:00:00,2025-07-11 18:30:00,BUY,SetUp 1 (61.8%),1.168,1.1703999999999999,58.36995038733081,1517.618710070601,TP
2025-07-11 17:00:00,2025-07-11 18:30:00,BUY,SetUp 2 (78.60000000000001%),1.16758,1.16998,60.704748402824045,1578.323458473425,TP
2025-07-14 18:30:00,2025-07-14 19:00:00,BUY,SetUp 1 (61.8%),1.16688,1.16628,-15.78323458473425,1562.540223888691,SL
2025-07-14 19:00:00,2025-07-15 00:00:00,BUY,SetUp 2 (78.60000000000001%),1.16624,1.16642,4.68762067166787,1567.2278445603588,00:00 Close
2025-07-15 13:00:00,2025-07-15 14:00:00,BUY,SetUp 1 (61.8%),1.16799,1.1673900000000001,-15.672278445603588,1551.5555661147553,SL
2025-07-15 13:30:00,2025-07-15 14:30:00,BUY,SetUp 2 (78.60000000000001%),1.16764,1.16704,-15.515555661147554,1536.0400104536077,SL
2025-07-16 18:00:00,2025-07-16 18:30:00,SELL,SetUp 1 (61.8%),1.16224,1.1628399999999999,-15.360400104536078,1520.6796103490717,SL
2025-07-16 18:00:00,2025-07-16 18:30:00,SELL,SetUp 2 (78.60000000000001%),1.16251,1.1631099999999999,-15.206796103490717,1505.472814245581,SL
2025-07-17 18:30:00,2025-07-18 00:00:00,SELL,SetUp 1 (61.8%),1.16007,1.1595,14.301991735332004,1519.774805980913,00:00 Close
2025-07-18 20:00:00,2025-07-18 20:30:00,BUY,SetUp 1 (61.8%),1.16248,1.16188,-15.19774805980913,1504.577057921104,SL
2025-07-18 20:30:00,2025-07-21 00:00:00,BUY,SetUp 2 (78.60000000000001%),1.16192,1.16248,14.042719207260978,1518.6197771283648,00:00 Close
2025-07-21 13:00:00,2025-07-21 14:00:00,BUY,SetUp 1 (61.8%),1.16379,1.16619,60.744791085134594,1579.3645682134995,TP
2025-07-21 13:00:00,2025-07-21 14:00:00,BUY,SetUp 2 (78.60000000000001%),1.1634,1.1658,63.17458272853998,1642.5391509420394,TP
2025-07-22 15:00:00,2025-07-22 15:30:00,BUY,SetUp 1 (61.8%),1.16914,1.1685400000000001,-16.425391509420393,1626.113759432619,SL
2025-07-22 15:30:00,2025-07-22 16:00:00,BUY,SetUp 2 (78.60000000000001%),1.16872,1.16812,-16.26113759432619,1609.8526218382929,SL
2025-07-23 13:00:00,2025-07-23 13:30:00,BUY,SetUp 1 (61.8%),1.17389,1.1732900000000002,-16.09852621838293,1593.75409561991,SL
2025-07-23 13:00:00,2025-07-23 13:30:00,BUY,SetUp 2 (78.60000000000001%),1.17351,1.1729100000000001,-15.9375409561991,1577.8165546637108,SL
2025-07-24 16:00:00,2025-07-24 16:30:00,SELL,SetUp 1 (61.8%),1.1763,1.1768999999999998,-15.778165546637108,1562.0383891170736,SL
2025-07-24 16:00:00,2025-07-24 16:30:00,SELL,SetUp 2 (78.60000000000001%),1.17674,1.1773399999999998,-15.620383891170736,1546.4180052259028,SL
2025-07-29 13:00:00,2025-07-29 13:30:00,SELL,SetUp 1 (61.8%),1.15633,1.15693,-15.464180052259028,1530.9538251736437,SL
2025-07-29 13:00:00,2025-07-29 13:30:00,SELL,SetUp 2 (78.60000000000001%),1.15733,1.15793,-15.309538251736438,1515.6442869219072,SL
2025-07-30 13:00:00,2025-07-30 13:30:00,BUY,SetUp 1 (61.8%),1.1551,1.1545,-15.156442869219072,1500.4878440526882,SL
2025-07-30 13:00:00,2025-07-30 13:30:00,BUY,SetUp 2 (78.60000000000001%),1.15463,1.1540300000000001,-15.004878440526882,1485.4829656121613,SL
2025-07-31 14:30:00,2025-07-31 15:30:00,SELL,SetUp 1 (61.8%),1.14501,1.1426100000000001,59.41931862448645,1544.9022842366478,TP
2025-08-01 14:00:00,2025-08-01 15:00:00,SELL,SetUp 1 (61.8%),1.14208,1.13968,61.79609136946591,1606.6983756061138,TP
2025-08-01 15:30:00,2025-08-01 16:00:00,SELL,SetUp 2 (78.60000000000001%),1.14284,1.14344,-16.066983756061138,1590.6313918500528,SL
2025-08-04 13:30:00,2025-08-04 14:00:00,SELL,SetUp 1 (61.8%),1.15705,1.1576499999999998,-15.906313918500528,1574.7250779315523,SL
2025-08-04 13:30:00,2025-08-04 14:00:00,SELL,SetUp 2 (78.60000000000001%),1.15761,1.15821,-15.747250779315523,1558.9778271522368,SL
2025-08-05 16:00:00,2025-08-05 17:00:00,SELL,SetUp 1 (61.8%),1.155,1.1556,-15.589778271522368,1543.3880488807145,SL
2025-08-05 17:00:00,2025-08-05 17:30:00,SELL,SetUp 2 (78.60000000000001%),1.15554,1.15614,-15.433880488807144,1527.9541683919074,SL
2025-08-06 13:00:00,2025-08-06 13:30:00,SELL,SetUp 1 (61.8%),1.15813,1.15873,-15.279541683919074,1512.6746267079884,SL
2025-08-06 13:00:00,2025-08-06 13:30:00,SELL,SetUp 2 (78.60000000000001%),1.15843,1.15903,-15.126746267079884,1497.5478804409086,SL
2025-08-07 13:00:00,2025-08-07 13:30:00,BUY,SetUp 1 (61.8%),1.16799,1.1673900000000001,-14.975478804409086,1482.5724016364995,SL
2025-08-07 13:00:00,2025-08-07 13:30:00,BUY,SetUp 2 (78.60000000000001%),1.16747,1.16687,-14.825724016364996,1467.7466776201345,SL
2025-08-08 15:30:00,2025-08-08 17:00:00,SELL,SetUp 1 (61.8%),1.16513,1.16573,-14.677466776201346,1453.0692108439332,SL
2025-08-08 17:00:00,2025-08-08 18:00:00,SELL,SetUp 2 (78.60000000000001%),1.16571,1.16631,-14.530692108439332,1438.5385187354939,SL
2025-08-12 15:30:00,2025-08-12 16:00:00,SELL,SetUp 1 (61.8%),1.16149,1.1620899999999998,-14.38538518735494,1424.1531335481388,SL
2025-08-12 15:30:00,2025-08-12 16:00:00,SELL,SetUp 2 (78.60000000000001%),1.16188,1.16248,-14.241531335481389,1409.9116022126575,SL
2025-08-13 15:30:00,2025-08-13 17:30:00,BUY,SetUp 1 (61.8%),1.16985,1.17225,56.3964640885063,1466.3080663011638,TP
2025-08-14 13:00:00,2025-08-14 15:30:00,SELL,SetUp 1 (61.8%),1.16918,1.1667800000000002,58.65232265204655,1524.9603889532102,TP
2025-08-15 15:30:00,2025-08-15 16:00:00,BUY,SetUp 1 (61.8%),1.16745,1.16985,60.99841555812841,1585.9588045113387,TP
2025-08-19 17:30:00,2025-08-19 18:30:00,BUY,SetUp 1 (61.8%),1.16638,1.16578,-15.859588045113387,1570.0992164662252,SL
2025-08-19 18:30:00,2025-08-19 21:00:00,BUY,SetUp 2 (78.60000000000001%),1.16581,1.16521,-15.700992164662253,1554.398224301563,SL
2025-08-21 14:30:00,2025-08-21 16:30:00,BUY,SetUp 1 (61.8%),1.16395,1.16335,-15.54398224301563,1538.8542420585475,SL
2025-08-21 16:30:00,2025-08-21 17:00:00,BUY,SetUp 2 (78.60000000000001%),1.16331,1.1627100000000001,-15.388542420585475,1523.465699637962,SL
2025-08-25 16:30:00,2025-08-25 18:00:00,SELL,SetUp 1 (61.8%),1.17088,1.16848,60.93862798551848,1584.4043276234804,TP
2025-08-27 18:00:00,2025-08-27 18:30:00,SELL,SetUp 1 (61.8%),1.1606,1.1612,-15.844043276234805,1568.5602843472457,SL
2025-08-27 19:00:00,2025-08-27 19:30:00,SELL,SetUp 2 (78.60000000000001%),1.16139,1.1619899999999999,-15.685602843472457,1552.8746815037732,SL
2025-08-29 13:00:00,2025-08-29 13:30:00,BUY,SetUp 1 (61.8%),1.16722,1.16662,-15.528746815037733,1537.3459346887355,SL
2025-08-29 13:00:00,2025-08-29 14:30:00,BUY,SetUp 2 (78.60000000000001%),1.16674,1.1661400000000002,-15.373459346887355,1521.9724753418482,SL
2025-09-01 13:00:00,2025-09-01 14:30:00,BUY,SetUp 1 (61.8%),1.17221,1.17161,-15.219724753418483,1506.7527505884298,SL
2025-09-01 13:00:00,2025-09-01 15:00:00,BUY,SetUp 2 (78.60000000000001%),1.17182,1.1712200000000001,-15.067527505884298,1491.6852230825455,SL
2025-09-02 17:00:00,2025-09-02 18:30:00,SELL,SetUp 1 (61.8%),1.1675,1.1651,59.66740892330182,1551.3526320058472,TP
2025-09-04 13:00:00,2025-09-04 13:30:00,SELL,SetUp 1 (61.8%),1.1653,1.1659,-15.513526320058473,1535.8391056857888,SL
2025-09-04 13:00:00,2025-09-04 15:30:00,SELL,SetUp 2 (78.60000000000001%),1.16567,1.16327,61.43356422743155,1597.2726699132204,TP
2025-09-08 13:00:00,2025-09-08 16:00:00,BUY,SetUp 1 (61.8%),1.17237,1.1747699999999999,63.89090679652882,1661.1635767097491,TP
2025-09-09 13:00:00,2025-09-09 14:30:00,SELL,SetUp 1 (61.8%),1.17663,1.17423,66.44654306838997,1727.610119778139,TP
2025-09-10 13:00:00,2025-09-10 15:00:00,SELL,SetUp 1 (61.8%),1.17046,1.17106,-17.27610119778139,1710.3340185803577,SL
2025-09-10 13:00:00,2025-09-10 15:30:00,SELL,SetUp 2 (78.60000000000001%),1.17107,1.17167,-17.103340185803578,1693.2306783945542,SL
2025-09-11 14:00:00,2025-09-11 15:00:00,SELL,SetUp 1 (61.8%),1.16893,1.16653,67.72922713578217,1760.9599055303363,TP
2025-09-11 15:30:00,2025-09-11 16:00:00,SELL,SetUp 2 (78.60000000000001%),1.16926,1.16986,-17.609599055303363,1743.350306475033,SL
2025-09-12 13:30:00,2025-09-12 15:00:00,SELL,SetUp 1 (61.8%),1.17343,1.17103,69.73401225900132,1813.0843187340342,TP
2025-09-12 21:30:00,2025-09-15 00:00:00,SELL,SetUp 2 (78.60000000000001%),1.17402,1.17256,44.11838508919534,1857.2027038232295,00:00 Close
2025-09-16 15:30:00,2025-09-16 16:00:00,BUY,SetUp 1 (61.8%),1.17931,1.18171,74.28810815292918,1931.4908119761587,TP
2025-09-17 16:30:00,2025-09-17 17:00:00,SELL,SetUp 1 (61.8%),1.18512,1.1857199999999999,-19.314908119761586,1912.175903856397,SL
2025-09-17 17:00:00,2025-09-17 21:00:00,SELL,SetUp 2 (78.60000000000001%),1.18546,1.18606,-19.121759038563972,1893.054144817833,SL
2025-09-18 15:30:00,2025-09-18 16:00:00,BUY,SetUp 1 (61.8%),1.18064,1.18004,-18.93054144817833,1874.1236033696548,SL
2025-09-18 16:00:00,2025-09-18 16:30:00,BUY,SetUp 2 (78.60000000000001%),1.1795,1.1789,-18.74123603369655,1855.3823673359582,SL
2025-09-23 13:30:00,2025-09-23 15:00:00,BUY,SetUp 1 (61.8%),1.17909,1.17849,-18.55382367335958,1836.8285436625986,SL
2025-09-23 15:00:00,2025-09-23 19:30:00,BUY,SetUp 2 (78.60000000000001%),1.1785,1.1809,73.47314174650394,1910.3016854091024,TP
2025-09-25 13:00:00,2025-09-25 13:30:00,SELL,SetUp 1 (61.8%),1.17441,1.1750099999999999,-19.103016854091024,1891.1986685550114,SL
2025-09-25 13:00:00,2025-09-25 13:30:00,SELL,SetUp 2 (78.60000000000001%),1.17477,1.17537,-18.911986685550115,1872.2866818694613,SL
2025-09-26 13:00:00,2025-09-26 13:30:00,BUY,SetUp 1 (61.8%),1.16758,1.1669800000000001,-18.722866818694612,1853.5638150507666,SL
2025-09-26 13:00:00,2025-09-26 13:30:00,BUY,SetUp 2 (78.60000000000001%),1.16726,1.16666,-18.535638150507666,1835.028176900259,SL
2025-09-29 14:30:00,2025-09-29 15:00:00,SELL,SetUp 1 (61.8%),1.17233,1.17293,-18.350281769002592,1816.6778951312565,SL
2025-09-29 14:30:00,2025-09-29 15:00:00,SELL,SetUp 2 (78.60000000000001%),1.17276,1.17336,-18.166778951312565,1798.5111161799439,SL
2025-09-30 13:00:00,2025-09-30 14:00:00,BUY,SetUp 1 (61.8%),1.17425,1.17365,-17.985111161799438,1780.5260050181444,SL
2025-09-30 14:00:00,2025-09-30 16:00:00,BUY,SetUp 2 (78.60000000000001%),1.17374,1.17314,-17.805260050181445,1762.720744967963,SL
2025-10-01 15:00:00,2025-10-01 17:00:00,SELL,SetUp 1 (61.8%),1.17604,1.17364,70.50882979871852,1833.2295747666815,TP
2025-10-01 15:00:00,2025-10-01 15:30:00,SELL,SetUp 2 (78.60000000000001%),1.17684,1.1744400000000002,73.32918299066726,1906.5587577573488,TP
2025-10-02 15:30:00,2025-10-02 16:00:00,BUY,SetUp 1 (61.8%),1.17433,1.1737300000000002,-19.06558757757349,1887.4931701797752,SL
2025-10-02 15:30:00,2025-10-02 16:30:00,BUY,SetUp 2 (78.60000000000001%),1.17392,1.1733200000000001,-18.874931701797752,1868.6182384779775,SL
2025-10-03 21:00:00,2025-10-06 00:00:00,BUY,SetUp 1 (61.8%),1.17272,1.1718,-28.652146323329987,1839.9660921546474,00:00 Close
2025-10-06 16:00:00,2025-10-06 16:30:00,SELL,SetUp 1 (61.8%),1.16937,1.16997,-18.399660921546474,1821.566431233101,SL
2025-10-06 17:00:00,2025-10-06 17:30:00,SELL,SetUp 2 (78.60000000000001%),1.17051,1.1711099999999999,-18.21566431233101,1803.35076692077,SL
2025-10-07 19:00:00,2025-10-07 22:00:00,SELL,SetUp 1 (61.8%),1.168,1.1656,72.1340306768308,1875.4847975976008,TP
2025-10-08 13:00:00,2025-10-08 13:30:00,SELL,SetUp 1 (61.8%),1.16243,1.16303,-18.75484797597601,1856.7299496216249,SL
2025-10-08 13:30:00,2025-10-08 15:00:00,SELL,SetUp 2 (78.60000000000001%),1.16292,1.1635199999999999,-18.56729949621625,1838.1626501254086,SL
2025-10-09 13:00:00,2025-10-09 16:30:00,SELL,SetUp 1 (61.8%),1.16252,1.16012,73.52650600501634,1911.6891561304249,TP
2025-10-10 13:00:00,2025-10-10 14:30:00,BUY,SetUp 1 (61.8%),1.15719,1.15659,-19.11689156130425,1892.5722645691205,SL
2025-10-10 14:30:00,2025-10-10 15:00:00,BUY,SetUp 2 (78.60000000000001%),1.15671,1.15611,-18.925722645691206,1873.6465419234294,SL
2025-10-14 16:00:00,2025-10-14 16:30:00,SELL,SetUp 1 (61.8%),1.15718,1.15778,-18.736465419234293,1854.910076504195,SL
2025-10-14 16:00:00,2025-10-14 17:00:00,SELL,SetUp 2 (78.60000000000001%),1.15797,1.1585699999999999,-18.549100765041953,1836.3609757391532,SL
2025-10-15 13:00:00,2025-10-15 13:30:00,BUY,SetUp 1 (61.8%),1.16282,1.16222,-18.363609757391533,1817.9973659817617,SL
2025-10-15 13:00:00,2025-10-15 15:30:00,BUY,SetUp 2 (78.60000000000001%),1.16236,1.1617600000000001,-18.179973659817616,1799.8173923219442,SL
2025-10-16 13:00:00,2025-10-16 17:00:00,SELL,SetUp 1 (61.8%),1.16585,1.16645,-17.998173923219444,1781.8192183987248,SL
2025-10-16 13:00:00,2025-10-16 17:00:00,SELL,SetUp 2 (78.60000000000001%),1.16627,1.1668699999999999,-17.81819218398725,1764.0010262147375,SL
2025-10-22 17:30:00,2025-10-22 18:00:00,SELL,SetUp 1 (61.8%),1.16054,1.1611399999999998,-17.640010262147374,1746.3610159525902,SL
2025-10-22 17:30:00,2025-10-22 18:00:00,SELL,SetUp 2 (78.60000000000001%),1.16096,1.16156,-17.463610159525903,1728.8974057930643,SL
2025-10-23 13:00:00,2025-10-23 13:30:00,BUY,SetUp 1 (61.8%),1.15968,1.15908,-17.288974057930645,1711.6084317351338,SL
2025-10-23 13:00:00,2025-10-23 13:30:00,BUY,SetUp 2 (78.60000000000001%),1.15941,1.1588100000000001,-17.116084317351337,1694.4923474177824,SL
2025-10-24 13:00:00,2025-10-24 15:30:00,BUY,SetUp 1 (61.8%),1.16113,1.16353,67.7796938967113,1762.2720413144937,TP
2025-10-28 13:00:00,2025-10-28 13:30:00,SELL,SetUp 1 (61.8%),1.16588,1.16648,-17.622720413144936,1744.6493209013488,SL
2025-10-28 13:30:00,2025-10-28 15:30:00,SELL,SetUp 2 (78.60000000000001%),1.16625,1.16385,69.78597283605396,1814.4352937374028,TP
2025-10-29 15:30:00,2025-10-29 18:30:00,BUY,SetUp 1 (61.8%),1.16297,1.16537,72.57741174949612,1887.012705486899,TP
2025-10-29 21:30:00,2025-10-29 22:00:00,BUY,SetUp 2 (78.60000000000001%),1.1625,1.1619000000000002,-18.87012705486899,1868.14257843203,SL
2025-10-31 14:30:00,2025-10-31 15:00:00,BUY,SetUp 1 (61.8%),1.15634,1.15574,-18.6814257843203,1849.4611526477097,SL
2025-10-31 14:30:00,2025-10-31 15:00:00,BUY,SetUp 2 (78.60000000000001%),1.15598,1.15538,-18.494611526477097,1830.9665411212327,SL
2025-11-03 18:00:00,2025-11-03 19:00:00,SELL,SetUp 1 (61.8%),1.15285,1.1534499999999999,-18.30966541121233,1812.6568757100204,SL
2025-11-03 19:00:00,2025-11-04 00:00:00,SELL,SetUp 2 (78.60000000000001%),1.1534,1.1519,45.31642189275224,1857.9732976027726,00:00 Close
2025-11-05 13:00:00,2025-11-06 00:00:00,SELL,SetUp 1 (61.8%),1.14881,1.14918,-11.457502001883192,1846.5157956008895,00:00 Close
2025-11-05 14:00:00,2025-11-06 00:00:00,SELL,SetUp 2 (78.60000000000001%),1.14913,1.14918,-1.5387631630039886,1844.9770324378856,00:00 Close
2025-11-06 13:00:00,2025-11-06 15:30:00,BUY,SetUp 1 (61.8%),1.15129,1.1536899999999999,73.79908129751543,1918.776113735401,TP
2025-11-10 13:00:00,2025-11-10 13:30:00,BUY,SetUp 1 (61.8%),1.15647,1.1558700000000002,-19.18776113735401,1899.5883525980469,SL
2025-11-10 13:00:00,2025-11-10 17:30:00,BUY,SetUp 2 (78.60000000000001%),1.15598,1.15538,-18.99588352598047,1880.5924690720665,SL
2025-11-12 14:00:00,2025-11-12 17:30:00,SELL,SetUp 1 (61.8%),1.15795,1.15855,-18.805924690720666,1861.7865443813457,SL
2025-11-12 17:00:00,2025-11-12 17:30:00,SELL,SetUp 2 (78.60000000000001%),1.15834,1.1589399999999999,-18.617865443813457,1843.1686789375321,SL
2025-11-14 14:30:00,2025-11-14 15:00:00,SELL,SetUp 1 (61.8%),1.16336,1.1639599999999999,-18.431686789375323,1824.7369921481568,SL
2025-11-14 14:30:00,2025-11-14 15:00:00,SELL,SetUp 2 (78.60000000000001%),1.16393,1.1645299999999998,-18.247369921481567,1806.4896222266752,SL
2025-11-18 15:00:00,2025-11-18 16:30:00,SELL,SetUp 1 (61.8%),1.15962,1.16022,-18.064896222266754,1788.4247260044085,SL
2025-11-18 15:30:00,2025-11-18 17:30:00,SELL,SetUp 2 (78.60000000000001%),1.16007,1.1606699999999999,-17.884247260044084,1770.5404787443645,SL
2025-11-19 13:30:00,2025-11-19 16:00:00,SELL,SetUp 1 (61.8%),1.15852,1.15612,70.82161914977458,1841.362097894139,TP
2025-11-19 15:00:00,2025-11-19 16:00:00,SELL,SetUp 2 (78.60000000000001%),1.15905,1.15665,73.65448391576557,1915.0165818099044,TP
2025-11-20 13:00:00,2025-11-20 14:00:00,BUY,SetUp 1 (61.8%),1.15184,1.15124,-19.150165818099044,1895.8664159918053,SL
2025-11-20 13:30:00,2025-11-20 14:30:00,BUY,SetUp 2 (78.60000000000001%),1.15154,1.15094,-18.958664159918055,1876.9077518318873,SL
2025-11-24 17:00:00,2025-11-24 19:00:00,BUY,SetUp 1 (61.8%),1.15222,1.15162,-18.769077518318873,1858.1386743135683,SL
2025-11-24 19:00:00,2025-11-25 00:00:00,BUY,SetUp 2 (78.60000000000001%),1.15167,1.15204,11.458521824933099,1869.5971961385014,00:00 Close
2025-11-25 13:30:00,2025-11-25 14:30:00,BUY,SetUp 1 (61.8%),1.15266,1.15506,74.78388784554006,1944.3810839840414,TP
2025-11-26 15:00:00,2025-11-26 15:30:00,SELL,SetUp 1 (61.8%),1.15822,1.15582,77.77524335936165,2022.156327343403,TP
2025-11-26 17:00:00,2025-11-26 18:00:00,SELL,SetUp 2 (78.60000000000001%),1.15866,1.15926,-20.221563273434032,2001.934764069969,SL
2025-11-27 14:30:00,2025-11-27 15:30:00,SELL,SetUp 1 (61.8%),1.15884,1.15944,-20.019347640699692,1981.9154164292695,SL
2025-11-27 15:30:00,2025-11-27 16:30:00,SELL,SetUp 2 (78.60000000000001%),1.15916,1.15976,-19.819154164292694,1962.0962622649768,SL
2025-11-28 15:30:00,2025-11-28 16:30:00,SELL,SetUp 1 (61.8%),1.1577,1.1582999999999999,-19.620962622649767,1942.475299642327,SL
2025-11-28 16:30:00,2025-11-28 17:30:00,SELL,SetUp 2 (78.60000000000001%),1.15829,1.15889,-19.42475299642327,1923.0505466459038,SL
2025-12-01 21:00:00,2025-12-02 00:00:00,BUY,SetUp 1 (61.8%),1.16081,1.16092,3.525592668852571,1926.5761393147563,00:00 Close
2025-12-02 13:30:00,2025-12-02 14:30:00,SELL,SetUp 1 (61.8%),1.16095,1.1615499999999999,-19.265761393147564,1907.3103779216087,SL
2025-12-02 13:30:00,2025-12-02 14:30:00,SELL,SetUp 2 (78.60000000000001%),1.16125,1.1618499999999998,-19.073103779216087,1888.2372741423926,SL
2025-12-04 13:00:00,2025-12-04 15:30:00,BUY,SetUp 1 (61.8%),1.16655,1.16595,-18.882372741423925,1869.3549014009686,SL
2025-12-04 15:30:00,2025-12-04 18:30:00,BUY,SetUp 2 (78.60000000000001%),1.1661,1.1655,-18.693549014009687,1850.661352386959,SL
2025-12-09 13:00:00,2025-12-09 14:00:00,BUY,SetUp 1 (61.8%),1.16427,1.16367,-18.50661352386959,1832.1547388630893,SL
2025-12-09 13:00:00,2025-12-09 15:00:00,BUY,SetUp 2 (78.60000000000001%),1.16387,1.16327,-18.321547388630893,1813.8331914744583,SL
2025-12-10 17:00:00,2025-12-10 19:00:00,SELL,SetUp 1 (61.8%),1.16462,1.16522,-18.138331914744583,1795.6948595597137,SL
2025-12-10 19:00:00,2025-12-10 19:30:00,SELL,SetUp 2 (78.60000000000001%),1.16513,1.16573,-17.956948595597137,1777.7379109641165,SL
2025-12-12 16:30:00,2025-12-12 17:00:00,SELL,SetUp 1 (61.8%),1.17362,1.17422,-17.777379109641167,1759.9605318544754,SL
2025-12-12 16:30:00,2025-12-12 19:30:00,SELL,SetUp 2 (78.60000000000001%),1.17394,1.17454,-17.599605318544754,1742.3609265359307,SL
2025-12-16 13:00:00,2025-12-16 14:30:00,BUY,SetUp 1 (61.8%),1.17519,1.17759,69.69443706143723,1812.055363597368,TP
2025-12-16 20:00:00,2025-12-16 21:00:00,BUY,SetUp 2 (78.60000000000001%),1.17486,1.17426,-18.12055363597368,1793.9348099613942,SL
2025-12-17 13:30:00,2025-12-17 16:00:00,BUY,SetUp 1 (61.8%),1.17115,1.1735499999999999,71.75739239845576,1865.69220235985,TP
2025-12-17 13:30:00,2025-12-17 15:00:00,BUY,SetUp 2 (78.60000000000001%),1.17078,1.17318,74.627688094394,1940.319890454244,TP
2025-12-18 15:00:00,2025-12-18 15:30:00,SELL,SetUp 1 (61.8%),1.17372,1.17432,-19.40319890454244,1920.9166915497015,SL
2025-12-18 15:30:00,2025-12-18 16:00:00,SELL,SetUp 2 (78.60000000000001%),1.17427,1.1748699999999999,-19.209166915497015,1901.7075246342044,SL
2025-12-19 13:00:00,2025-12-19 16:00:00,SELL,SetUp 1 (61.8%),1.1714,1.172,-19.017075246342046,1882.6904493878624,SL
2025-12-19 13:00:00,2025-12-19 16:00:00,SELL,SetUp 2 (78.60000000000001%),1.17169,1.1722899999999998,-18.826904493878626,1863.8635448939838,SL
2025-12-23 15:30:00,2025-12-23 16:00:00,BUY,SetUp 1 (61.8%),1.17812,1.1775200000000001,-18.638635448939837,1845.224909445044,SL
2025-12-23 15:30:00,2025-12-23 16:00:00,BUY,SetUp 2 (78.60000000000001%),1.1776,1.177,-18.45224909445044,1826.7726603505935,SL
2025-12-24 13:00:00,2025-12-26 00:00:00,SELL,SetUp 1 (61.8%),1.17932,1.17773,48.40947549929013,1875.1821358498837,00:00 Close
2025-12-24 13:00:00,2025-12-24 19:30:00,SELL,SetUp 2 (78.60000000000001%),1.17969,1.17729,75.00728543399535,1950.189421283879,TP
2025-12-26 18:00:00,2025-12-26 18:30:00,BUY,SetUp 1 (61.8%),1.17714,1.1765400000000001,-19.501894212838792,1930.6875270710402,SL
2025-12-26 18:00:00,2025-12-26 18:30:00,BUY,SetUp 2 (78.60000000000001%),1.17692,1.17632,-19.306875270710403,1911.3806518003298,SL
2025-12-29 16:30:00,2025-12-29 17:00:00,SELL,SetUp 1 (61.8%),1.17799,1.17859,-19.113806518003297,1892.2668452823266,SL
2025-12-29 16:30:00,2025-12-29 18:00:00,SELL,SetUp 2 (78.60000000000001%),1.17839,1.17599,75.69067381129307,1967.9575190936196,TP
2025-12-30 13:00:00,2025-12-30 17:30:00,SELL,SetUp 1 (61.8%),1.17731,1.1749100000000001,78.71830076374478,2046.6758198573643,TP
2025-12-30 13:00:00,2025-12-30 17:00:00,SELL,SetUp 2 (78.60000000000001%),1.17755,1.1751500000000001,81.86703279429457,2128.542852651659,TP
2025-12-31 16:30:00,2025-12-31 17:00:00,BUY,SetUp 1 (61.8%),1.17292,1.17232,-21.28542852651659,2107.2574241251423,SL
2025-12-31 17:00:00,2025-12-31 22:30:00,BUY,SetUp 2 (78.60000000000001%),1.17252,1.17492,84.2902969650057,2191.547721090148,TP
2026-01-02 17:00:00,2026-01-02 17:30:00,SELL,SetUp 1 (61.8%),1.17342,1.1740199999999998,-21.915477210901482,2169.6322438792467,SL
2026-01-02 17:30:00,2026-01-02 18:00:00,SELL,SetUp 2 (78.60000000000001%),1.17399,1.17459,-21.696322438792468,2147.9359214404544,SL
2026-01-05 13:00:00,2026-01-05 15:00:00,SELL,SetUp 1 (61.8%),1.16867,1.1662700000000001,85.91743685761818,2233.8533582980726,TP
2026-01-05 13:00:00,2026-01-05 15:00:00,SELL,SetUp 2 (78.60000000000001%),1.16902,1.16662,89.35413433192291,2323.2074926299956,TP
2026-01-07 13:00:00,2026-01-07 15:30:00,SELL,SetUp 1 (61.8%),1.16889,1.16949,-23.232074926299955,2299.9754177036957,SL
2026-01-07 15:30:00,2026-01-08 00:00:00,SELL,SetUp 2 (78.60000000000001%),1.16933,1.16723,80.499139619629,2380.474557323325,00:00 Close
2026-01-08 13:00:00,2026-01-08 18:00:00,SELL,SetUp 1 (61.8%),1.16776,1.16536,95.21898229293299,2475.693539616258,TP
2026-01-08 13:00:00,2026-01-08 18:00:00,SELL,SetUp 2 (78.60000000000001%),1.16799,1.1655900000000001,99.02774158465033,2574.7212812009084,TP
2026-01-09 13:00:00,2026-01-09 15:30:00,SELL,SetUp 1 (61.8%),1.16468,1.1652799999999999,-25.747212812009085,2548.9740683888995,SL
2026-01-09 15:30:00,2026-01-09 17:00:00,SELL,SetUp 2 (78.60000000000001%),1.16495,1.16255,101.95896273555599,2650.9330311244553,TP
2026-01-12 13:30:00,2026-01-12 17:00:00,BUY,SetUp 1 (61.8%),1.1679,1.1673,-26.509330311244554,2624.423700813211,SL
2026-01-12 16:30:00,2026-01-12 19:00:00,BUY,SetUp 2 (78.60000000000001%),1.16744,1.16684,-26.24423700813211,2598.1794638050787,SL
2026-01-13 14:30:00,2026-01-13 15:00:00,BUY,SetUp 1 (61.8%),1.1663,1.1657,-25.981794638050786,2572.197669167028,SL
2026-01-13 14:30:00,2026-01-13 15:00:00,BUY,SetUp 2 (78.60000000000001%),1.16599,1.1653900000000001,-25.721976691670278,2546.475692475358,SL
2026-01-14 13:30:00,2026-01-14 20:30:00,BUY,SetUp 1 (61.8%),1.16473,1.16413,-25.46475692475358,2521.0109355506042,SL
2026-01-14 13:30:00,2026-01-14 20:30:00,BUY,SetUp 2 (78.60000000000001%),1.16444,1.16384,-25.21010935550604,2495.800826195098,SL
2026-01-15 13:30:00,2026-01-15 14:30:00,BUY,SetUp 1 (61.8%),1.16317,1.16257,-24.958008261950983,2470.842817933147,SL
2026-01-15 14:30:00,2026-01-15 15:00:00,BUY,SetUp 2 (78.60000000000001%),1.16291,1.1623100000000002,-24.708428179331474,2446.134389753816,SL
2026-01-16 15:00:00,2026-01-16 17:00:00,BUY,SetUp 1 (61.8%),1.16117,1.16057,-24.46134389753816,2421.673045856278,SL
2026-01-16 17:00:00,2026-01-16 17:30:00,BUY,SetUp 2 (78.60000000000001%),1.16101,1.1604100000000002,-24.21673045856278,2397.456315397715,SL
